{
    "R squared": 29.833044937383548,
    "Mean Absolute Error": 13909.130415589982,
    "Mean Square Error": 399041539.153014,
    "Root Mean Square Error": 19976.024107740108
}