{
    "R squared": 37.02928593315811,
    "Mean Absolute Error": 10757.284244107886,
    "Mean Square Error": 305536379.6985746,
    "Root Mean Square Error": 17479.598957029153
}